&,&amp;
And,&amp;
Arp,ARP
Ascii,ASCII
Aslr,ASLR
Chatgpt,ChatGPT
Crc,CRC
Csrf,CSRF
Css,CSS
Curl,curl
Dao,DAO
Dex,DEX
Dig,dig
Ec,EC
Elf,ELF
Erc,ERC
Eth,ETH
Evm,EVM
Fake,(fake)
Gpg,GPG
Gui,GUI
Host,host
Html,HTML
Iauctioneer,IAuctioneer
Igradebook,IGradebook
Io,I/O
Irc,IRC
Js,JS
Md5,MD5
Metamask,MetaMask
Msfconsole,msfconsole
Nc,nc
Netcat,netcat
Nft,NFT
Nfts,NFTs
Nmap,nmap
Nslookup,nslookup
P2Pkh,P2PKH
Ping,ping
Proftpd,ProFTPD
Rndc,rndc
Sql,SQL
Ssh,ssh
Tbtc,tBTC
Tc,TC
Tcpdump,tcpdump
Telnet,telnet
Tokencc,TokenCC
Tokendex,TokenDEX
Traceroute,traceroute
Unrealircd,UnrealIRCD
Url,URL
Web3.Py,Web3.py
Wget,wget
Whois,whois
Xss,XSS
